,county.x,cases,deaths,log(deaths),log(cases),CFR,death_100k,cases_100k,fips,state.x,cases.x,deaths.x,Poor.or.fair.health.raw.value,Adult.smoking.raw.value,Adult.obesity.raw.value,Physical.inactivity.raw.value,Excessive.drinking.raw.value,Sexually.transmitted.infections.raw.value,Uninsured.raw.value,Diabetes.monitoring.raw.value,High.school.graduation.raw.value,Some.college.raw.value,Unemployment.raw.value,Children.in.poverty.raw.value,Income.inequality.raw.value,Air.pollution...particulate.matter.raw.value,Severe.housing.problems.raw.value,HIV.prevalence.raw.value,Food.insecurity.raw.value,Limited.access.to.healthy.foods.raw.value,Uninsured.adults.raw.value,Median.household.income.raw.value,Population.raw.value,X..below.18.years.of.age.raw.value,X..65.and.older.raw.value,X..Non.Hispanic.African.American.raw.value,X..American.Indian.and.Alaskan.Native.raw.value,X..Asian.raw.value,X..Native.Hawaiian.Other.Pacific.Islander.raw.value,X..Hispanic.raw.value,X..Non.Hispanic.white.raw.value,Poverty.raw.value,Communicable.disease.raw.value,Drug.overdose.deaths.raw.value,Violent.crime.raw.value,Frequent.mental.distress.raw.value,lon,lat,POP_LONGITUDE,POP_LATITUDE,PopulationEstimate2018,PopulationDensityperSqMile2010,HeartDiseaseMortality,StrokeMortality,RespMortalityRate2014,Smokers_Percentage,DiabetesPercentage,SVIPercentile,CFR.x,death_100k.x,cases_100k.x,cases.y,deaths.y,CFR.y,death_100k.y,cases_100k.y
1,Alachua,1197,12,2.48490665,7.087573706,1.002506266,4.445168842,443.405592,12001,Florida,7048,48,0.193086722,0.148948162,0.258,0.204,0.205617692,850.3,0.125997759,0.872093023,0.752153318,0.757125873,0.042610115,0.218,6.132364096,7.5,0.228168721,427.1,0.204,0.064279615,0.144421297,45294,263496,0.181414519,0.133774327,0.200173817,0.003449768,0.060236209,0.000717278,0.093967271,0.619671646,NA,NA,10.51497743,579.2204658,0.132537653,-82.357751,29.66917793,-82.386845,29.665903,269956,282.7,128.8,38.5,52.85,16.38085209,9.2,0.4729,0.681044268,17.78067537,2610.795833,10156,83,0.817250886,30.74575116,3762.094564
2,Baker,63,4,1.386294361,4.143134726,6.349206349,14.10685946,222.1830365,12003,Florida,1412,9,0.199261289,0.194036854,0.344,0.356,0.180730424,424.5,0.117562425,0.811735941,0.82,0.431739631,0.048889669,0.239,4.121113144,7.6,0.167664671,436.4,0.173,0.129605919,0.144912918,51904,27937,0.246733722,0.134660128,0.137022587,0.004187994,0.006657837,0.000286359,0.024770018,0.812721481,NA,NA,20.6185567,360.050285,0.131853248,-82.28134256,30.32406664,-82.185477,30.288432,28355,46.3,171.5,41.2,97.07,22.73195642,14.6,0.6803,0.637393768,31.74043379,4979.72139,1293,26,2.010827533,91.69458649,4560.042321
3,Bay,384,4,1.386294361,5.950642553,1.041666667,2.158813085,207.2460561,12005,Florida,5716,103,0.186600799,0.18038832,0.301,0.267,0.195413371,477.7,0.137970361,0.779661017,0.71,0.607487457,0.048922678,0.23,4.297207631,8.1,0.177696988,284.4,0.175,0.10582809,0.164437401,48843,183974,0.215144531,0.167523672,0.108852338,0.008365313,0.022878233,0.001592616,0.063079566,0.769641362,NA,NA,20.19853322,507.7819785,0.131180634,-85.62432688,30.29532713,-85.660217,30.206925,185287,222.6,187.8,32.9,79.48,22.70820448,10,0.6076,1.801959412,55.58943693,3084.943898,7745,140,1.807617818,75.55845796,4180.001835
4,Bradford,83,2,0.693147181,4.418840608,2.409638554,7.211885187,299.2932353,12007,Florida,1045,7,0.203488023,0.215474523,0.356,0.332,0.168586067,483.1,0.133083659,0.84067086,0.775,0.439787726,0.042580409,0.268,5.868113046,7.3,0.175637394,303.8,0.186,0.022470219,0.159194139,43058,26926,0.199324073,0.183911461,0.189482285,0.004790908,0.006276461,0.000557082,0.039552849,0.742813637,NA,NA,13.65509708,461.3436634,0.125487946,-82.17025208,29.94253418,-82.128192,29.953429,27732,97,162.5,36.7,76.84,22.94073778,10.9,0.9264,0.669856459,25.24159815,3768.21001,1337,17,1.271503366,61.30102409,4821.145247
5,Brevard,1793,17,2.833213344,7.491645474,0.948131623,2.848291611,300.4109917,12009,Florida,7087,281,0.157122607,0.171240023,0.269,0.255,0.183213419,313.2,0.135299686,0.862507357,0.86,0.657344201,0.051804019,0.217,4.406684602,6.5,0.167366188,293.3,0.156,0.123128364,0.159480166,51214,579130,0.185053442,0.232448673,0.099552777,0.004629358,0.02448673,0.001296773,0.098589263,0.752344033,NA,NA,26.17212692,518.3212325,0.128659384,-80.75797736,28.17757196,-80.690979,28.232195,596849,535,165.8,38,57.16,16.86641229,10.1,0.3713,3.96500635,47.08058487,1187.402509,16431,273,1.661493518,45.74021235,2752.957616
6,Broward,15624,383,5.948034989,9.656563473,2.451356887,19.62834271,800.7133852,12011,Florida,61065,1011,0.164210642,0.141950581,0.246,0.241,0.189275103,509.8,0.165197378,0.861160803,0.768736897,0.66553721,0.046051131,0.183,4.778535151,7.4,0.260395758,1180.3,0.146,0.024764159,0.197995629,54055,1909632,0.213219615,0.160757151,0.280098993,0.003848909,0.038021985,0.001119587,0.28712862,0.377403605,NA,NA,18.18408639,440.8596836,0.122441436,-80.49868694,26.14255998,-80.227135,26.134058,1951260,1444.9,146.9,54.7,39.77,14.59379255,8.1,0.5844,1.655612872,51.81267489,3129.516313,79019,549,0.694769612,28.13566618,4049.63972
7,Calhoun,76,6,1.791759469,4.33073334,7.894736842,41.13251525,521.0118599,12013,Florida,543,5,0.241410639,0.199809165,0.389,0.332,0.156764959,357.8,0.162680839,0.840707965,0.825,0.445171421,0.056698951,0.309,3.66765,8.2,0.16298633,275.7,0.173,0.089572683,0.199113205,36708,14423,0.206475768,0.178672953,0.127227345,0.012757401,0.00804271,0.001386674,0.057754975,0.774596131,NA,NA,NA,130.1411358,0.132607825,-85.21358719,30.4146682,-85.122189,30.463143,14587,25.8,189.5,36,87.93,22.38488545,14.9,0.8401,0.920810313,34.27709604,3722.49263,810,20,2.469135802,137.1083842,5552.889559
8,Charlotte,775,76,4.33073334,6.652863029,9.806451613,41.08152521,418.9234478,12015,Florida,2289,60,0.146700831,0.164498427,0.261,0.23,0.168552511,185.2,0.167592159,0.874647526,0.76,0.538903538,0.05331733,0.234,4.032807092,6.7,0.173643411,199.5,0.145,0.141304155,0.191057352,44935,178465,0.12572213,0.388412294,0.055501079,0.003418037,0.014030762,0.000610764,0.06894349,0.844776287,NA,NA,8.845235303,219.4629636,0.122898948,-81.89022705,26.9042579,-82.119946,26.954793,184998,235.2,127.4,26.4,46.68,15.76080571,8.1,0.4889,2.621231979,32.43278306,1237.310674,5757,121,2.101789126,65.4061125,3111.925534
9,Citrus,291,13,2.564949357,5.673323267,4.467353952,8.787999648,196.7159921,12017,Florida,2460,93,0.190077621,0.184434352,0.271,0.295,0.164258751,219.5,0.148609298,0.88717373,0.77,0.480600808,0.067805838,0.286,4.215059222,7.1,0.145953519,162.2,0.162,0.128857075,0.173466435,40009,143621,0.147123332,0.35959226,0.028011224,0.004031444,0.016070073,0.000362064,0.054177314,0.884675639,NA,NA,26.88324184,355.7198045,0.136678883,-82.45738098,28.85025043,-82.453512,28.863598,147929,242.8,200.9,56.3,74.78,19.58715605,10.5,0.6022,3.780487805,62.86799749,1662.959933,5010,201,4.011976048,135.8759946,3386.759865
10,Clay,713,34,3.526360525,6.56948142,4.76858345,15.73549558,329.9825984,12019,Florida,4422,66,0.15336377,0.178255427,0.291,0.235,0.216252189,335.3,0.119193119,0.816739266,0.84,0.660792952,0.045213586,0.135,3.891118409,7.9,0.149011248,176.2,0.138,0.068756737,0.143229021,57476,208311,0.237164624,0.151187407,0.104536006,0.005280566,0.030977721,0.001564968,0.096288722,0.738357552,NA,NA,23.85324698,337.6215048,0.1214578,-81.8454228,29.97157462,-81.79941,30.084386,216072,315.8,151.8,37,72.47,19.88600481,10,0.3803,1.492537313,30.54537376,2046.540042,8588,107,1.245924546,49.52053019,3974.601059
11,Collier,4225,74,4.304065093,8.34877454,1.75147929,19.55147851,1116.28374,12021,Florida,8375,140,0.158077226,0.111124213,0.203,0.187,0.150373037,256,0.231858049,0.865851213,0.84,0.498287178,0.047616209,0.183,4.575323865,6.8,0.2093327,283.9,0.111,0.094764262,0.268709609,62397,365136,0.175994698,0.309649008,0.0671558,0.004896806,0.01449323,0.000969502,0.269841922,0.638455261,NA,NA,14.28280705,247.3406453,0.114485442,-81.35667537,26.11400201,-81.699625,26.199831,378488,160.9,94.2,26.8,30.13,14.44190985,6.1,0.4618,1.671641791,36.98928368,2212.751791,12630,147,1.163895487,38.83874786,3336.961806
12,Columbia,287,3,1.098612289,5.659482216,1.045296167,4.255138079,407.0748762,12023,Florida,3540,55,0.215656257,0.220678617,0.359,0.31,0.184210703,437.7,0.125236788,0.840634441,0.71,0.509698997,0.048145913,0.264,4.470954357,7.8,0.1657179,588.7,0.184,0.071913796,0.150148049,41667,69299,0.220118616,0.179165645,0.178328692,0.006118414,0.010043435,0.000764802,0.059755552,0.728928267,NA,NA,16.0580816,643.0538466,0.140967388,-82.62115508,30.21276594,-82.660566,30.126051,70503,84.7,189.8,43,89.46,23.29481531,13,0.8596,1.553672316,78.01086479,5021.062933,2898,73,2.518978606,103.5416933,4110.463385
13,DeSoto,604,10,2.302585093,6.403574198,1.655629139,26.67449118,1611.139268,12027,Florida,937,15,0.262714199,0.202322291,0.368,0.3,0.166813472,317,0.257201974,0.861209964,0.62,0.195767782,0.051875971,0.42,3.833431988,6.5,0.186502508,475.5,0.159,0.057895063,0.313386428,34146,35800,0.198798883,0.205586592,0.122039106,0.011452514,0.008100559,0.002039106,0.310921788,0.548296089,NA,NA,15.9969888,458.7637224,0.148390239,-81.84804122,27.18256275,-81.864094,27.189369,37489,54.7,134.6,26.9,49.68,21.3119303,12.7,0.9618,1.600853789,40.01173678,2499.399824,1620,37,2.283950617,98.69561738,4321.267572
14,Dixie,68,4,1.386294361,4.219507705,5.882352941,23.95209581,407.1856287,12029,Florida,766,5,0.269097936,0.247456911,0.304,0.324,0.171600819,282.9,0.142844154,0.807228916,0.975,0.366107114,0.05543672,0.339,4.199708068,7,0.115448505,313.9,0.176,0.035756214,0.170878159,34146,16300,0.18809816,0.223680982,0.095644172,0.004907976,0.004233129,0.000184049,0.04208589,0.838466258,NA,NA,30.98533361,404.0445475,0.148797744,-83.15632586,29.60918676,-83.056329,29.634179,16700,23.3,187.5,45.1,86.51,24.65165047,12.1,0.8994,0.652741514,29.94011976,4586.826347,465,2,0.430107527,11.9760479,2784.431138
15,Duval,6207,64,4.158883083,8.733432966,1.031093926,6.735558804,653.2439609,12031,Florida,24068,327,0.178086792,0.181628334,0.305,0.244,0.200123037,722.3,0.132105489,0.841008772,0.77,0.655397273,0.050331942,0.206,4.586845982,8.5,0.201153203,762.2,0.2,0.086308739,0.158581747,51948,926255,0.226459236,0.134948799,0.292680741,0.004386481,0.048755472,0.001196215,0.092219745,0.539213284,NA,NA,26.19691973,644.6939053,0.125852654,-81.6658339,30.31514695,-81.622853,30.300302,950181,1133.9,171.6,43.7,59.14,19.79015836,11.3,0.692,1.35865049,34.41449576,2532.991083,43445,385,0.886177926,40.51859593,4572.286754
16,Escambia,1952,45,3.80666249,7.576609767,2.305327869,14.26153758,618.6338081,12033,Florida,10307,191,0.169141911,0.167052177,0.29,0.261,0.179459083,641.9,0.127224829,0.818506085,0.73,0.666317238,0.049491458,0.258,3.892191799,8.9,0.160460875,467.6,0.192,0.119902507,0.153607724,45004,315187,0.208707847,0.164432543,0.225129844,0.009365869,0.032422023,0.001862387,0.056382402,0.64772976,NA,NA,15.47741418,735.9207008,0.120224736,-87.39657433,30.7209762,-87.274788,30.485314,315534,453.4,181.7,42.7,70.16,20.24583017,11.8,0.4863,1.853109537,60.53230397,3266.525953,14575,203,1.392795883,64.33538066,4619.153562
17,Flagler,310,5,1.609437912,5.736572297,1.612903226,4.461616711,276.6202361,12035,Florida,1428,22,0.136132835,0.155408318,0.241,0.233,0.173002989,301.7,0.158183485,0.884064886,0.77,0.58954009,0.055397475,0.193,3.675837172,6.5,0.186700056,181.9,0.153,0.127292941,0.181901411,50863,108310,0.174914597,0.296777768,0.102492845,0.004284,0.024226757,0.00090481,0.102732896,0.751611116,NA,NA,13.91920534,265.0167844,0.119462286,-81.31543056,29.45995484,-81.224735,29.523494,112067,197.1,145.5,37.1,42.3,17.42753178,8.5,0.2799,1.540616246,19.63111353,1274.237733,2869,26,0.906239108,23.2004069,2560.075669
18,Franklin,NA,NA,NA,NA,NA,NA,NA,12037,Florida,621,4,0.189095983,0.181608765,0.331,0.272,0.246591602,347,0.171347937,0.821596244,0.475,0.36201598,0.043114274,0.359,5.183722549,7.1,0.184488837,202.9,0.177,0.010101498,0.201724448,37479,11901,0.162003193,0.219981514,0.136459121,0.008150576,0.003613142,0.000672212,0.053020755,0.782791362,NA,NA,NA,456.8412689,0.125931417,-84.80046505,29.91230768,-84.822838,29.786787,11736,21.6,196.1,39.5,76.47,19.52304626,9.9,0.8083,0.644122383,34.08316292,5291.411043,470,0,0,0,4004.771643
19,Gadsden,378,7,1.945910149,5.934894196,1.851851852,15.25253846,823.6370767,12039,Florida,2444,40,0.238790073,0.172489142,0.357,0.327,0.144470485,786.5,0.164804469,0.81425486,0.65,0.403648803,0.062649946,0.338,4.767070836,9.2,0.207830439,719.2,0.246,0.055838156,0.198374485,40865,46006,0.22160153,0.165521888,0.553232187,0.005542755,0.006673043,0.001456332,0.101595444,0.327435552,NA,NA,NA,461.5675825,0.139003613,-84.62046856,30.58010526,-84.581397,30.59828,45894,89.8,180,38.2,55.88,20.37359451,17.9,0.9901,1.636661211,87.15736262,5325.314856,1860,16,0.860215054,34.86294505,4052.817362
20,Gilchrist,NA,NA,NA,NA,NA,NA,NA,12041,Florida,411,12,0.203117991,0.214915807,0.316,0.31,0.171451245,253,0.186452407,0.871212121,0.925,0.484866123,0.051413109,0.25,4.426026125,7.4,0.155378486,143.2,0.168,0.002694309,0.214864723,41721,17212,0.209504997,0.202707413,0.045723914,0.006507088,0.005577504,0.001045782,0.055775041,0.874854753,NA,NA,NA,242.6044764,0.141370806,-82.80311778,29.72378408,-82.808262,29.704639,18256,48.4,141.3,42.1,74.86,21.25315772,12.8,0.7567,2.919708029,65.7318142,2251.314636,603,14,2.32172471,76.68711656,3303.023663
21,Glades,NA,NA,NA,NA,NA,NA,NA,12043,Florida,378,3,0.219234005,0.205019544,0.331,0.334,0.177939292,286,0.261803084,0.826388889,NA,0.304859177,0.062084718,0.307,4.443663971,6.3,0.144343303,639.4,0.155,0.310960793,0.294857507,39607,13970,0.160343593,0.27809592,0.124552613,0.056478168,0.006299213,0.000787402,0.213743737,0.604223336,NA,NA,NA,293.0921219,0.138551682,-81.21348091,26.9472777,-81.185404,26.896029,13724,16,128.3,28.1,44.14,20.43130385,18,0.9048,0.793650794,21.85951618,2754.299038,280,8,2.857142857,58.29204314,2040.22151
22,Gulf,NA,NA,NA,NA,NA,NA,NA,12045,Florida,852,14,0.21184061,0.183073941,0.314,0.295,0.219972836,263.4,0.143198339,0.805555556,0.825,0.481082321,0.045371143,0.299,5.171070173,7.2,0.191449814,219.3,0.169,0.066778797,0.166132404,38381,15990,0.154971857,0.193245779,0.180362727,0.005628518,0.005628518,0.000250156,0.046779237,0.745653534,NA,NA,NA,475.2135321,0.120077483,-85.24715852,29.95849768,-85.259478,29.988579,16164,28.1,188.3,33.6,80.75,20.20930676,11,0.592,1.643192488,86.6122247,5270.972532,653,17,2.603369066,105.1719871,4039.841623
23,Hamilton,334,2,0.693147181,5.811140993,0.598802395,13.97624039,2334.032145,12047,Florida,514,6,0.232581315,0.229892646,0.336,0.321,0.193371601,847.1,0.1474901,0.851851852,0.725,0.337122262,0.056416882,0.379,5.453489222,8,0.1434644,1385.5,0.216,0.108139335,0.175953516,34517,14361,0.192256807,0.165865887,0.331453241,0.009609359,0.007659634,0.000139266,0.091288908,0.548708307,NA,NA,NA,397.3570082,0.139559656,-82.9353807,30.48728224,-82.997218,30.501534,14310,28.8,207.9,43.8,77.5,22.12851741,13.8,0.9908,1.167315175,41.92872117,3591.893781,543,7,1.289134438,48.91684137,3794.549266
24,Hardee,430,3,1.098612289,6.063785209,0.697674419,11.01119471,1578.271242,12049,Florida,926,8,0.288541296,0.187894991,0.347,0.342,0.148886882,436.9,0.218218265,0.856148492,0.6,0.239056282,0.066673767,0.323,4.696454858,6.7,0.222295952,276.8,0.126,0.220564739,0.281851129,37612,27360,0.263998538,0.155263158,0.068567252,0.011476608,0.011403509,0.000986842,0.433662281,0.471527778,NA,NA,NA,260.2115114,0.145316808,-81.81120596,27.49021668,-81.815432,27.548312,27245,43.5,157.4,33.1,62.7,19.16888247,15.1,0.9831,0.863930886,29.36318591,3398.788769,996,10,1.004016064,36.70398238,3655.716645
25,Hendry,953,25,3.218875825,6.859614904,2.623294858,60.15978439,2293.290981,12051,Florida,1096,17,0.242402244,0.152581581,0.347,0.296,0.162518975,605.1,0.260002993,0.820143885,0.77,0.303500791,0.090568476,0.352,4.789870756,6.9,0.21201255,372.8,0.133,0.150037281,0.330652915,39911,39290,0.271061339,0.132705523,0.114252991,0.02186307,0.010282515,0.001934334,0.52043777,0.334232629,NA,NA,NA,681.8998536,0.136248034,-81.17260251,26.5383539,-81.202571,26.705392,41556,34,164.2,34.7,59.17,19.79327403,10.5,0.9939,1.551094891,40.90865338,2637.404948,1669,11,0.659077292,26.47030513,4016.267206
26,Hernando,373,5,1.609437912,5.92157842,1.340482574,2.619652634,195.4260865,12053,Florida,2767,122,0.1877396,0.170873051,0.31,0.272,0.171223285,257.6,0.156026868,0.853224611,0.78,0.552177675,0.061097442,0.228,3.956312142,7.1,0.178171974,210.3,0.149,0.143119638,0.186814112,46225,182835,0.186009243,0.278414964,0.050083409,0.004583368,0.01340006,0.000738371,0.123739984,0.794082096,NA,NA,18.05897652,286.006051,0.13328816,-82.43249983,28.55569756,-82.496961,28.50485,190865,365.6,152.6,37.7,64.16,19.21522308,11.8,0.549,4.409107336,63.91952427,1449.715768,5597,179,3.198141862,93.7835643,2932.439159
27,Highlands,350,11,2.397895273,5.857933154,3.142857143,10.43405676,331.9927151,12055,Florida,1812,78,0.212665994,0.168765625,0.311,0.274,0.152742553,274.8,0.182759582,0.8472103,0.64,0.424,0.06587009,0.323,3.881756757,6.5,0.163741224,260.2,0.155,0.141906784,0.218772336,36864,100917,0.174242199,0.344649564,0.095672682,0.006639119,0.015141156,0.000941368,0.191028271,0.681223183,NA,NA,17.74688258,329.4496079,0.14059862,-81.336228,27.34477902,-81.442555,27.460415,105424,97.2,158.6,33.9,61.6,18.73496139,10.6,0.8729,4.304635762,73.98694794,1718.773714,3609,137,3.796065392,129.9514342,3423.319168
28,Hillsborough,10752,138,4.927253685,9.282847063,1.283482143,9.604088836,748.2837911,12057,Florida,30783,506,0.185017878,0.16553152,0.273,0.226,0.196326826,576.5,0.147433883,0.834820086,0.76,0.655513542,0.04486366,0.2,4.855733776,7,0.201143527,579.1,0.146,0.074627276,0.179020508,54509,1376238,0.230073577,0.136940704,0.158543072,0.00518079,0.041507356,0.001352237,0.276115032,0.502527906,NA,NA,14.00440322,339.0532869,0.124161444,-82.30823576,27.92836425,-82.401275,27.976529,1436888,1204.9,160.3,34.3,52.95,17.45554437,9.2,0.6701,1.643764415,35.2149924,2142.338164,48586,519,1.068208949,36.11972541,3381.335219
29,Holmes,NA,NA,NA,NA,NA,NA,NA,12059,Florida,575,8,0.22503794,0.213540988,0.314,0.347,0.156834942,361.3,0.166846613,0.800475059,0.81,0.395989975,0.053997923,0.345,5.343675071,8.8,0.13387574,132.4,0.192,0.088925198,0.198584349,41110,19487,0.20249397,0.195617591,0.064915072,0.009493509,0.006568482,0.001693437,0.027608149,0.870221173,NA,NA,NA,295.843153,0.143504216,-85.82645708,30.8856803,-85.758558,30.847684,19477,41.6,253.3,43.6,101.51,20.85774723,12.3,0.9347,1.391304348,41.07408739,2952.200031,1198,24,2.003338898,123.2222622,6150.844586
30,Indian River,697,16,2.772588722,6.546785411,2.295552367,10.16434475,442.7842681,12061,Florida,2515,103,0.164474102,0.157081485,0.249,0.254,0.193751983,306,0.193593659,0.871774824,0.81,0.551017332,0.061512017,0.215,4.540154893,6.1,0.17291594,276.8,0.152,0.13596073,0.227278081,49813,151563,0.16839862,0.316653801,0.089256613,0.004605346,0.015386341,0.00047505,0.120286614,0.75981605,NA,NA,18.00840542,295.9446445,0.131267211,-80.61554726,27.68305593,-80.440581,27.671827,157413,274.5,140,34,41.12,15.48721559,9.3,0.3962,4.095427435,65.43296932,1597.70794,5321,69,1.296748731,43.83373673,3380.279901
31,Jackson,363,2,0.693147181,5.894402834,0.550964187,4.140358141,751.4750026,12063,Florida,2468,78,0.261043084,0.244486252,0.346,0.34,0.16054776,536.9,0.136597697,0.847938144,0.7,0.445394395,0.052761938,0.309,4.658356903,9.1,0.134085213,1089.9,0.204,0.024806462,0.164917864,37358,48229,0.187501296,0.187729374,0.262995293,0.008169359,0.006655747,0.001866097,0.048041635,0.658089531,NA,NA,8.926793427,408.4137464,0.141119042,-85.22699975,30.79919469,-85.216119,30.80024,48305,54.2,195.7,45.1,66.29,23.05529709,13.8,0.9583,3.160453809,161.4739675,5109.201946,2422,41,1.692815855,84.87734189,5013.973709
32,Jefferson,49,4,1.386294361,3.891820298,8.163265306,27.99552072,342.9451288,12065,Florida,509,5,0.174175208,0.160753154,0.324,0.273,0.15206827,491.1,0.140673705,0.802547771,NA,0.384552178,0.053262072,0.285,4.811562926,8.6,0.148044693,1178.7,0.195,0.071940318,0.16014377,43453,13906,0.177836905,0.216740975,0.342154466,0.004674241,0.006256292,0.000359557,0.041564792,0.593700561,NA,NA,NA,764.1011392,0.128172437,-83.88813554,30.43942925,-83.886291,30.504031,14288,24.7,171.4,40.6,55.63,19.57505312,10.6,0.5748,0.982318271,34.9944009,3562.430011,608,9,1.480263158,62.98992161,4255.319149
33,Lafayette,NA,NA,NA,NA,NA,NA,NA,12067,Florida,1201,12,0.227986724,0.221321393,0.352,0.327,0.16915119,215.1,0.21973408,0.848837209,0.875,0.362724014,0.040769733,0.284,4.547007021,7.5,0.155268022,148.3,0.16,0.03158788,0.256851021,40653,8617,0.204131368,0.146570732,0.144713938,0.008123477,0.002669142,0.000812348,0.124869444,0.709875827,NA,NA,NA,290.7843722,0.137180937,-83.18194356,29.98493348,-83.179508,30.065418,8732,16.3,166.7,45.8,79.8,22.30195641,14.2,0.9806,0.999167361,137.4255612,13754.00825,249,11,4.417670683,125.9734311,2851.580394
34,Lake,1302,22,3.091042453,7.171656823,1.689708141,6.171194547,365.2225136,12069,Florida,6132,171,0.15299965,0.168966378,0.281,0.257,0.174302045,334.5,0.144018163,0.86966062,0.76,0.563534759,0.048669902,0.193,4.117766404,7.4,0.174748205,295.5,0.141,0.107923692,0.174317291,50125,335396,0.196099536,0.264427721,0.098966595,0.006350702,0.022749228,0.001604074,0.147473434,0.711696025,NA,NA,13.71600299,317.3098489,0.123711997,-81.69965559,28.75018418,-81.752026,28.735689,356495,316.6,153.6,32,46.09,16.84582545,9.7,0.6029,2.788649706,47.96701216,1720.080226,11395,156,1.369021501,43.75937951,3196.398266
35,Lee,5587,158,5.062595033,8.628197749,2.827993556,20.93796796,740.3824492,12071,Florida,14647,309,0.169811215,0.140108945,0.245,0.233,0.187843026,352.8,0.199427003,0.873042045,0.75,0.536431132,0.045894823,0.22,4.312196629,6.9,0.19164025,334.3,0.136,0.096593306,0.236883544,52989,722336,0.181837815,0.274207571,0.080978935,0.004942298,0.01675536,0.001147665,0.204660989,0.6834008,NA,NA,15.97086458,340.5033815,0.121347357,-81.80314198,26.58010818,-81.858144,26.574992,754610,788.7,131.8,22.1,40.13,14.34388772,8.1,0.5525,2.109647027,40.94830442,1941.002637,26836,249,0.927858101,32.99717735,3556.274102
36,Leon,1113,8,2.079441542,7.014814351,0.718778077,2.735024034,380.5102187,12073,Florida,9496,69,0.147991078,0.143100494,0.273,0.18,0.219301377,1047.6,0.114457076,0.811603244,0.877778527,0.783548442,0.045673494,0.189,5.447155344,9.1,0.226529321,482.7,0.221,0.083841245,0.131187173,51041,287822,0.1865528,0.124903586,0.309764368,0.003495216,0.035827699,0.000632335,0.062410101,0.5695812,NA,NA,6.992338728,683.0629859,0.12755771,-84.27342715,30.46085222,-84.270371,30.466103,292502,413.1,136.2,35.6,47.91,17.32757863,8.8,0.4943,0.726621735,23.58958229,3246.473528,12523,120,0.958236844,41.02536051,4281.338247
37,Levy,NA,NA,NA,NA,NA,NA,NA,12075,Florida,863,8,0.207890782,0.221638661,0.33,0.306,0.156965196,419.1,0.174123257,0.871012483,0.82,0.419820042,0.051846506,0.323,4.281686531,7.4,0.154731458,243.5,0.171,0.036382734,0.205796201,33092,39961,0.198443482,0.23768174,0.089587348,0.007131954,0.006981807,0.000875854,0.08260554,0.800755737,NA,NA,15.91209822,275.1572327,0.144680337,-82.7325523,29.32414747,-82.666319,29.379995,40770,36.5,183.4,41.3,75.89,23.61738764,11.4,0.7793,0.926998841,19.62227128,2116.752514,1242,12,0.966183575,29.43340692,3046.357616
38,Liberty,NA,NA,NA,NA,NA,NA,NA,12077,Florida,295,7,0.222376694,0.213501198,0.396,0.302,0.174019322,346.9,0.145152145,0.842105263,0.775,0.337334437,0.053227633,0.292,4.540236592,7.6,0.152542373,235.3,0.175,0.086437271,0.171042164,38900,8202,0.186539868,0.124725677,0.187759083,0.012070227,0.003657645,0.000243843,0.067910266,0.717751768,NA,NA,NA,127.3074475,0.133435802,-84.89480631,30.24904583,-84.905169,30.399795,8457,10,191.4,36.7,91.93,23.5530174,12.8,0.8334,2.372881356,82.77166844,3488.234599,405,6,1.481481481,70.94714438,4788.932245
39,Madison,195,3,1.098612289,5.272999559,1.538461538,16.19083599,1052.404339,12079,Florida,817,17,0.220431433,0.194675383,0.335,0.323,0.162219627,405,0.157441293,0.888888889,0.575,0.454875962,0.053022126,0.4,5.423168626,8.2,0.213533835,916.1,0.222,0.09562701,0.185451557,33721,18224,0.194578578,0.193097015,0.38213345,0.007023705,0.004499561,0.000274364,0.048891572,0.546696664,NA,NA,NA,808.9422335,0.146464837,-83.45989063,30.44046068,-83.430563,30.47263,18529,27.6,226.6,43.2,61.37,20.6866967,14.8,0.9608,2.080783354,91.74807059,4409.304334,667,14,2.098950525,75.55723461,3599.762534
40,Manatee,2856,130,4.86753445,7.957177323,4.551820728,32.92347824,723.3034912,12081,Florida,8564,162,0.157093122,0.16115032,0.265,0.224,0.171518833,418.5,0.180771642,0.856075588,0.78,0.543659607,0.04559031,0.205,4.567152895,7.3,0.188841845,323,0.141,0.063701618,0.217792603,51770,375888,0.189992764,0.261982293,0.085331269,0.005315413,0.021572915,0.000997638,0.161117141,0.716279849,NA,NA,37.76341587,580.7655243,0.12060226,-82.30352611,27.47235365,-82.532775,27.477054,394855,434.5,137.4,25.6,40,15.21862411,7.4,0.5197,1.891639421,41.02771904,2168.897443,14124,163,1.154064005,41.28097656,3577.009282
41,Marion,672,10,2.302585093,6.510258341,1.488095238,2.777955258,186.6785934,12083,Florida,9047,280,0.197269805,0.177879799,0.301,0.282,0.161343759,394.2,0.165659034,0.876460234,0.81,0.497432242,0.058272405,0.282,3.984109618,7.7,0.16772449,344,0.164,0.104200214,0.203901926,39629,349020,0.187098161,0.285762994,0.124571658,0.005323477,0.017311329,0.00085955,0.125247837,0.714110939,NA,NA,24.81964553,441.522174,0.136238318,-82.05455176,29.2032406,-82.123367,29.140116,359977,209.1,200.9,30.6,57.75,18.66500418,11.8,0.7535,3.094948602,77.78274723,2513.216122,11982,234,1.952929394,65.00415304,3328.54599
42,Martin,2055,25,3.218875825,7.628031127,1.216545012,15.53644228,1277.095555,12085,Florida,2815,118,0.139709745,0.132561439,0.2,0.215,0.200953781,232.1,0.166853492,0.868677043,0.89,0.56788778,0.048592705,0.179,4.911657359,6.5,0.187736314,290.1,0.129,0.082637033,0.191762065,55917,158701,0.165745648,0.30272021,0.051852225,0.009521049,0.013528585,0.001909251,0.13195254,0.79014625,NA,NA,17.72080551,232.4699157,0.117261033,-80.38623141,27.07777033,-80.244395,27.1443,160912,269.2,118.7,32.5,45.67,14.3212814,6.4,0.399,4.191829485,73.33200756,1749.403401,3971,83,2.090153614,51.58098837,2467.808492
43,Miami-Dade,36819,991,6.898714534,10.5137693,2.691545126,35.8852411,1333.258014,12086,Florida,132439,2280,0.206644908,0.135136217,0.212,0.23,0.166783909,445,0.212333503,0.866844582,0.78,0.601903561,0.054039105,0.248,5.596574746,7.9,0.31621158,1130.3,0.09,0.017469897,0.257120732,45886,2712945,0.203478508,0.159616948,0.161985591,0.002844879,0.016419426,0.000481027,0.676538964,0.138075413,NA,NA,7.96883257,650.3381644,0.119379409,-80.58750196,25.60789485,-80.298888,25.774565,2761581,1315.5,152.4,37.2,33.65,16.47941001,6.7,0.8175,1.721547278,82.56140233,4795.767352,168552,1244,0.738051165,45.04665987,6103.4603
44,Monroe,259,4,1.386294361,5.556828062,1.544401544,5.331414024,345.2090581,12087,Florida,1577,18,0.142307469,0.159824126,0.228,0.217,0.260802674,245,0.199780242,0.804123711,0.77,0.601829587,0.031592813,0.18,4.691758858,6.5,0.283779029,828.4,0.121,0.082787729,0.218790033,63892,79077,0.149423979,0.216927805,0.061282042,0.004767505,0.013847263,0.001138131,0.230433628,0.677213349,NA,NA,26.10239843,514.6849471,0.116788729,-81.07024951,25.53393405,-81.263945,24.739678,75027,74.3,149.4,34,39.11,17.17289846,4.8,0.4557,1.141407736,23.99136311,2101.909979,3029,15,0.495212942,19.99280259,4037.21327
45,Nassau,NA,NA,NA,NA,NA,NA,NA,12089,Florida,1931,44,0.165197713,0.158547657,0.289,0.239,0.185580514,246.7,0.120605611,0.861363636,0.91,0.583785017,0.045702958,0.144,4.254380054,8,0.148557179,163.1,0.148,0.074277844,0.137812622,67967,80622,0.200019846,0.21399866,0.05832155,0.005035846,0.009736796,0.000868249,0.041948848,0.872764258,NA,NA,16.12321531,130.6269655,0.128470031,-81.82363634,30.60042431,-81.647153,30.607962,85832,113,165.7,39.1,70.06,19.38886901,8.6,0.2459,2.278612118,51.26293224,2249.743685,3989,27,0.676861369,31.45679933,4647.450834
46,Okaloosa,665,6,1.791759469,6.499787041,0.902255639,2.894788898,320.8391028,12091,Florida,4332,108,0.16490736,0.173543466,0.255,0.23,0.201022715,500.7,0.126038638,0.783338715,0.82,0.67939708,0.040148358,0.164,4.07092823,8.6,0.171814541,237.7,0.155,0.101524465,0.146595125,58009,201170,0.220997167,0.157980812,0.095282597,0.007282398,0.031704529,0.002296565,0.086861858,0.74402744,NA,NA,18.61335533,435.0744384,0.120283983,-86.6027942,30.73988971,-86.567105,30.542829,207269,194.4,164,34.6,71.16,18.46803109,10.1,0.386,2.493074792,52.10620016,2090.037584,9915,142,1.432173475,68.51000391,4783.638653
47,Okeechobee,NA,NA,NA,NA,NA,NA,NA,12093,Florida,1192,27,0.262844552,0.214661424,0.292,0.309,0.162827336,416.4,0.238722945,0.801626016,0.66,0.323966441,0.054345972,0.294,4.354036122,6.2,0.190314037,386.2,0.159,0.287711037,0.289968063,37689,40314,0.223371534,0.183732698,0.083444957,0.015007194,0.010641465,0.001165848,0.255494369,0.631740834,NA,NA,21.86123163,420.5966954,0.147799769,-80.89421811,27.42833786,-80.822153,27.272057,41537,52,230.8,33.6,76.53,21.46020926,12.2,0.9465,2.265100671,65.00228712,2869.730602,1360,28,2.058823529,67.40977923,3274.189277
48,Orange,10313,57,4.043051268,9.241160514,0.552700475,4.128505155,746.9697134,12095,Florida,29455,400,0.180804746,0.145469534,0.24,0.231,0.20681652,638.6,0.156782738,0.85295125,0.777267463,0.673077325,0.044011836,0.222,4.572283334,6.5,0.235499634,738.1,0.151,0.068793635,0.187292259,51312,1314367,0.225445405,0.112631404,0.202845933,0.005649868,0.055998819,0.001977378,0.305354593,0.415730918,NA,NA,15.25096395,681.4340725,0.122104391,-81.30712545,28.50158052,-81.384377,28.532855,1380645,1268.5,151,42.4,45.49,15.59988113,9.3,0.6691,1.358003735,28.971966,2133.423146,51141,354,0.692203907,25.64018991,3704.138283
49,Osceola,2026,24,3.17805383,7.613818685,1.184600197,6.521916356,550.5584391,12097,Florida,10392,128,0.23367333,0.163911984,0.286,0.259,0.18351383,427.8,0.175745166,0.846025105,0.81,0.58026274,0.050409293,0.233,4.068990524,7.3,0.24354366,410.9,0.103,0.1017795,0.214209654,50716,336015,0.247012782,0.132136958,0.095849888,0.008124637,0.028983825,0.002410607,0.523071887,0.337217089,NA,NA,13.91438428,468.1356427,0.140512873,-81.15003932,28.05709152,-81.383484,28.266765,367990,202.4,178.7,35.8,52.08,17.79141006,11,0.8178,1.231716705,34.7835539,2823.989782,17451,170,0.974156209,46.19690752,4742.248431
50,Palm Beach,14148,510,6.234410726,9.55732855,3.604749788,34.32168572,952.1239403,12099,Florida,32105,857,0.161528078,0.133660886,0.222,0.209,0.177541906,383.9,0.17210058,0.864498858,0.790919255,0.63341636,0.048173644,0.19,4.944168947,6,0.237554981,639.3,0.141,0.046543735,0.202267611,57607,1443810,0.1939064,0.233025814,0.183085725,0.005925988,0.02797321,0.001103331,0.214674369,0.559919242,NA,NA,26.75697282,462.9301188,0.119031079,-80.5130172,26.68903661,-80.146119,26.617075,1485941,670.2,123.6,32.1,32.77,15.91610596,7.7,0.5592,2.669366142,57.67389149,2160.583765,49387,635,1.28576346,42.73386359,3323.617829
51,Pasco,1992,19,2.944438979,7.596894438,0.953815261,3.520931008,369.1418194,12101,Florida,7189,188,0.186005542,0.207305275,0.321,0.264,0.190344635,262.7,0.140492419,0.878588853,0.79,0.633719526,0.052021941,0.181,4.322927157,7.4,0.166797435,221.2,0.139,0.082592758,0.168731059,46326,512368,0.202904943,0.228579849,0.051267839,0.004455782,0.02454681,0.000993427,0.143078803,0.760769603,NA,NA,24.87282764,296.4671062,0.132285497,-82.39747099,28.30971247,-82.51608,28.261606,539630,622.2,158.3,38.3,65.69,18.62961317,10.3,0.6344,2.615106413,34.83868577,1332.209106,16973,240,1.414010487,44.474918,3145.303263
52,Pinellas,6487,166,5.111987788,8.777555453,2.558964082,17.02075301,665.1423181,12103,Florida,15320,581,0.161309594,0.174458759,0.256,0.234,0.207461089,443,0.142945772,0.869605894,0.78,0.651318419,0.04374432,0.196,4.762251785,6.9,0.194517247,496.4,0.16,0.039365689,0.167595675,49974,960730,0.166726344,0.238330228,0.103739865,0.003851238,0.03455081,0.001197006,0.093059444,0.748056166,NA,NA,22.39653451,535.9390306,0.123877852,-82.73108941,27.94859889,-82.727651,27.899794,975280,3347.5,148.3,27.2,48.48,16.41154199,8,0.5169,3.792428198,59.57263555,1570.830941,31179,414,1.3278168,42.44934788,3196.928062
53,Polk,3836,98,4.584967479,8.252185436,2.554744526,13.84163196,541.8010223,12105,Florida,15984,429,0.202963407,0.169273566,0.344,0.28,0.150079103,482.3,0.154478675,0.864355308,0.69,0.50375803,0.05639512,0.254,4.106496429,7.5,0.183831697,396.3,0.157,0.128134528,0.190969229,46289,666149,0.224487314,0.199916235,0.145339856,0.00632291,0.019456608,0.001155898,0.21112694,0.605891475,NA,NA,16.5053804,355.7191799,0.128336633,-81.69746902,27.94356526,-81.799975,28.03114,708009,334.9,171.8,39.2,55.88,19.13550896,12.6,0.9035,2.683933934,60.5924501,2257.59842,24635,353,1.432920641,49.85812327,3479.475543
54,Putnam,339,6,1.791759469,5.826000107,1.769911504,8.09028761,457.1012499,12107,Florida,1760,34,0.246072012,0.248918231,0.379,0.298,0.173845892,499,0.172411294,0.794025157,0.55,0.417783912,0.062949575,0.361,4.916660617,7.2,0.205998563,385.5,0.204,0.133103225,0.211801057,37526,72277,0.216140681,0.219129184,0.158764199,0.006862487,0.006488925,0.001549594,0.097776609,0.717309794,NA,NA,10.62635428,620.029776,0.152123546,-81.74323328,29.59927624,-81.720431,29.609299,74163,102.2,183,36.2,86.99,23.62047179,14.2,0.9525,1.931818182,45.84496312,2373.151032,2762,47,1.70166546,63.37391961,3724.229063
55,Santa Rosa,593,9,2.197224577,6.385194399,1.517706577,5.018148972,330.6402601,12113,Florida,4737,68,0.1509304,0.194295921,0.26,0.246,0.193954694,301.1,0.11679202,0.821551724,0.83,0.663642885,0.045413681,0.149,3.970255427,9,0.144047929,189.7,0.146,0.114679465,0.141521599,62668,170497,0.222555236,0.152325261,0.061983495,0.008774348,0.021402136,0.001677449,0.05414758,0.82675355,NA,NA,12.97511373,143.644161,0.123275187,-87.03013891,30.74563142,-87.036954,30.549593,179349,149.6,172.1,36.3,74.35,19.21804774,9.9,0.3096,1.435507705,37.91490334,2641.219076,8165,97,1.187997551,54.08449448,4552.576262
56,Sarasota,1482,97,4.574710979,7.301147806,6.545209177,22.7316401,347.3019652,12115,Florida,6588,161,0.12509276,0.126977611,0.207,0.202,0.177574788,239.3,0.159271922,0.873148841,0.79,0.591967591,0.045698261,0.179,4.303258977,7,0.179654933,247.6,0.136,0.069465087,0.179589288,55088,412569,0.145265398,0.353683869,0.044101714,0.003175226,0.01665176,0.000586569,0.088571851,0.836456447,NA,NA,19.75178589,289.0114292,0.117233527,-82.35044075,27.1778329,-82.423893,27.208205,426718,682.6,109.7,26.2,36.05,15.03047218,5.7,0.2538,2.44383728,37.72983563,1543.876752,14160,296,2.09039548,69.36665432,3318.350761
57,Seminole,2566,16,2.772588722,7.850103545,0.623538581,3.420031122,548.4874912,12117,Florida,6415,197,0.160964062,0.158116304,0.256,0.202,0.206768388,370.8,0.118551808,0.866373385,0.86,0.754095111,0.04328384,0.141,4.390864121,7.3,0.18234976,287.3,0.131,0.071562642,0.138442802,61253,455479,0.211401623,0.152022376,0.110681283,0.004344877,0.044735323,0.001279971,0.203557134,0.619910029,NA,NA,15.29166627,342.0703777,0.111972897,-81.22082815,28.70280099,-81.310445,28.697834,467832,1367,140.6,41.9,49.57,15.64200647,8.5,0.1844,3.070927514,42.10913319,1371.218728,12474,119,0.953984287,25.43648147,2666.341764
58,St. Johns,948,7,1.945910149,6.854354502,0.738396624,2.753076563,372.845226,12109,Florida,4402,63,0.112572769,0.134096465,0.224,0.184,0.213989952,254.2,0.100796438,0.861946903,0.898716609,0.776734335,0.037072137,0.085,4.689499685,7.6,0.166182452,164.7,0.128,0.065713734,0.119765959,78544,235087,0.218918953,0.193200815,0.052112622,0.003041427,0.028623446,0.000876271,0.065733112,0.83424009,NA,NA,12.2122399,270.6329464,0.107929727,-81.42856734,29.89377829,-81.421504,29.977088,254261,316.4,127.9,32.9,48.72,15.05904672,6.1,0.0761,1.431167651,24.77768907,1731.291862,10883,64,0.588073142,25.17098572,4280.247462
59,St. Lucie,1724,47,3.850147602,7.452402451,2.726218097,14.63590842,536.857577,12111,Florida,6279,235,0.170813974,0.173359823,0.271,0.276,0.181768664,373.8,0.182365948,0.856990962,0.75,0.54385589,0.056589165,0.263,4.445290249,6.3,0.213201998,622.7,0.162,0.129667761,0.224284586,45509,306507,0.201838784,0.235234432,0.193033112,0.005233159,0.019076236,0.001037497,0.183349809,0.585347154,NA,NA,22.2073925,379.672389,0.123637521,-80.48022634,27.37042575,-80.353183,27.338067,321128,485.7,145.7,33.5,52.69,18.06928261,8.9,0.7185,3.742634177,73.17954211,1955.295085,9227,157,1.701528124,48.89016218,2873.309085
60,Sumter,345,17,2.833213344,5.843544417,4.927536232,13.20347329,267.9528403,12119,Florida,1945,53,0.131840249,0.104544349,0.269,0.192,0.148152603,174.9,0.119548329,0.903600984,0.78,0.36952529,0.070180239,0.291,3.782833547,7.4,0.114344888,222.6,0.141,0.042840259,0.130249511,56568,123996,0.070687764,0.56309881,0.071752315,0.004379174,0.009040614,0.000580664,0.055155005,0.852704926,NA,NA,10.91712225,173.5103247,0.106199578,-82.07723731,28.69131589,-82.035469,28.825768,128754,170.8,140.9,26.2,31.34,12.20471541,9.9,0.236,2.724935733,41.16376967,1510.632679,3868,56,1.447776629,43.49379437,3004.178511
61,Suwannee,499,20,2.995732274,6.212606096,4.008016032,45.25808423,1129.189201,12121,Florida,2207,50,0.234812418,0.201501056,0.329,0.29,0.173650154,474.8,0.175398275,0.84298441,0.68,0.400175217,0.04937798,0.301,4.691801016,7.9,0.15271094,528.6,0.185,0.091673775,0.213302248,40572,43794,0.209526419,0.204137553,0.129446956,0.007032927,0.006621912,0.000776362,0.090743024,0.756245148,NA,NA,12.16027239,415.9144405,0.137272145,-82.98542973,30.18977208,-82.987546,30.214688,44191,60.4,211.6,45.8,84.44,22.56795642,11.5,0.9424,2.265518804,113.1452106,4994.229594,1796,29,1.614699332,65.62422213,4064.175963
62,Taylor,NA,NA,NA,NA,NA,NA,NA,12123,Florida,1249,12,0.203805667,0.211680808,0.373,0.351,0.174269001,527,0.147117165,0.830188679,0.675,0.422160574,0.055143756,0.296,3.685019608,7.6,0.111185533,1046.4,0.181,0.121073351,0.177030864,40180,22175,0.195400226,0.191792559,0.196076663,0.009289741,0.00897407,0.000496054,0.042119504,0.727125141,NA,NA,NA,743.4136162,0.128226754,-83.60089606,30.04932972,-83.597967,30.064881,21623,21.6,186.7,47.2,75.41,23.78792935,11.7,0.8984,0.960768615,55.4964621,5776.256764,910,16,1.758241758,73.9952828,4208.481709
63,Union,62,2,0.693147181,4.127134385,3.225806452,13.38688086,414.9933066,12125,Florida,907,14,0.237378125,0.248614348,0.379,0.322,0.164539966,612.2,0.108521819,0.801932367,0.775,0.354831752,0.044295863,0.259,4.654547695,7.4,0.136304063,2445.2,0.193,0.095417444,0.132948957,43795,15142,0.190793819,0.130167745,0.223484348,0.005613525,0.006009774,0.000396249,0.057654207,0.693435478,NA,NA,NA,300.4375939,0.14095263,-82.37031412,30.04162969,-82.356919,30.010768,14940,63.8,271.4,44.4,103.74,23.26413847,12.8,0.8382,1.543550165,93.708166,6070.950469,622,52,8.360128617,348.0589023,4163.319946
64,Volusia,2105,57,4.043051268,7.652070746,2.70783848,10.41023637,384.4482027,12127,Florida,8726,191,0.185534833,0.181342888,0.257,0.25,0.176404384,333.6,0.154530267,0.856596851,0.72,0.58393895,0.051004373,0.197,4.314415672,6.8,0.193464915,354.1,0.16,0.132672411,0.182989261,45356,529364,0.177575355,0.240348796,0.103344768,0.004577191,0.019104057,0.000782071,0.130420656,0.728466613,NA,NA,18.39486179,426.4568334,0.136951852,-81.18945025,29.05247796,-81.123944,29.073725,547538,449.2,176.4,43.5,63.79,18.36018578,10.2,0.5347,2.188860876,34.88342362,1593.679343,16033,218,1.359695628,39.81458821,2928.198591
65,Wakulla,NA,NA,NA,NA,NA,NA,NA,12129,Florida,1077,9,0.169303523,0.190639048,0.357,0.285,0.226416267,442.2,0.111428212,0.835616438,0.78,0.518539263,0.041349139,0.18,3.674100749,7.9,0.147638698,423.7,0.163,0.002599341,0.129313833,56158,31893,0.212868028,0.142821309,0.138525695,0.007431098,0.006709936,0.000783871,0.037782586,0.792525006,NA,NA,11.59603626,272.3166135,0.11772027,-84.40945473,30.17558002,-84.331546,30.185525,32461,50.8,195.7,35.7,78.4,19.240292,7.6,0.4032,0.835654596,27.72557839,3317.827547,1466,22,1.500682128,67.77363606,4516.188657
66,Walton,245,9,2.197224577,5.501258211,3.673469388,12.60945709,343.2574431,12131,Florida,1720,16,0.185690961,0.189571692,0.281,0.25,0.184798892,344.5,0.174419544,0.785412262,0.74,0.57337884,0.042760268,0.213,4.776735102,8.6,0.214222615,142.6,0.157,0.055328784,0.204115338,54686,65889,0.202355477,0.194615186,0.052876808,0.008392903,0.011959508,0.001669474,0.061042056,0.843585424,NA,NA,9.951447412,373.6582273,0.126976982,-86.17177883,30.67216876,-86.190665,30.583729,71375,53.1,178,31.3,65.91,21.24002419,10.8,0.5822,0.930232558,22.41681261,2409.807356,3792,34,0.896624473,47.6357268,5312.784588
67,Washington,113,12,2.48490665,4.727387819,10.61946903,48.23151125,454.1800643,12133,Florida,972,9,0.230069256,0.211610221,0.374,0.34,0.159406878,372.2,0.14863258,0.836170213,0.7,0.414111847,0.05230706,0.319,4.992946655,8.6,0.161694511,776.9,0.185,0.221406212,0.178092864,34787,24569,0.199397615,0.177174488,0.148886809,0.013757174,0.005657536,0.001058244,0.03573609,0.775570841,NA,NA,NA,235.7014448,0.139990792,-85.68366894,30.62671676,-85.625419,30.650718,24880,42.7,228.3,46.8,86.23,22.89872042,13,0.8939,0.925925926,36.17363344,3906.752412,1160,7,0.603448276,28.13504823,4662.379421
