"","county.x","cases","deaths","CFR","death_100k","cases_100k","fips","state.x","cases.x","deaths.x","Poor.or.fair.health.raw.value","Adult.smoking.raw.value","Adult.obesity.raw.value","Physical.inactivity.raw.value","Excessive.drinking.raw.value","Sexually.transmitted.infections.raw.value","Uninsured.raw.value","Diabetes.monitoring.raw.value","High.school.graduation.raw.value","Some.college.raw.value","Unemployment.raw.value","Children.in.poverty.raw.value","Income.inequality.raw.value","Air.pollution...particulate.matter.raw.value","Severe.housing.problems.raw.value","HIV.prevalence.raw.value","Food.insecurity.raw.value","Limited.access.to.healthy.foods.raw.value","Uninsured.adults.raw.value","Median.household.income.raw.value","Population.raw.value","X..below.18.years.of.age.raw.value","X..65.and.older.raw.value","X..Non.Hispanic.African.American.raw.value","X..American.Indian.and.Alaskan.Native.raw.value","X..Asian.raw.value","X..Native.Hawaiian.Other.Pacific.Islander.raw.value","X..Hispanic.raw.value","X..Non.Hispanic.white.raw.value","Poverty.raw.value","Communicable.disease.raw.value","Drug.overdose.deaths.raw.value","Violent.crime.raw.value","Frequent.mental.distress.raw.value","lon","lat","POP_LONGITUDE","POP_LATITUDE","PopulationEstimate2018","PopulationDensityperSqMile2010","HeartDiseaseMortality","StrokeMortality","RespMortalityRate2014","Smokers_Percentage","DiabetesPercentage","SVIPercentile","CFR.x","death_100k.x","cases_100k.x","cases.y","deaths.y","CFR.y","death_100k.y","cases_100k.y"
"1","Albany",1860,142,7.63440860215054,46.2364506035159,605.632381144645,"36001","New York",1238,20,0.134795327,0.151485541,0.26,0.229,0.200280051,549,0.054516989,0.868249535,0.81398356,0.759846469,0.040440111,0.156,4.910872494,8.6,0.161535646,375.1,0.13,0.047797348,0.064859056,61634,308846,0.186973443,0.159626481,0.125962454,0.002917312,0.065385338,0.000679951,0.058330042,0.726229253,NA,NA,11.44216633,332.1843705,0.109832574,-73.97451843,42.60391914,-73.81304,42.678976,307117,581.9,172.9,28.4,47.66,14.531854664,8.4,0.3041,1.61550888529887,6.51217614134027,403.103703148963,12387,125,1.00912246710261,40.7011008833767,4033.3162931391
"2","Allegany",45,0,0,0,96.9200947663149,"36003","New York",66,4,0.149084149,0.209130466,0.288,0.245,0.212720854,196.9,0.061551146,0.856187291,0.862365108,0.58952912,0.062475228,0.258,4.195053829,8.5,0.142624287,91,0.126,0.029916993,0.074188261,45226,47077,0.203730059,0.177411475,0.012638868,0.003143786,0.01348854,0.000361111,0.01644115,0.942455976,NA,NA,NA,173.1726676,0.128204008,-78.03352291,42.25604318,-78.019297,42.228245,46430,47.6,178.9,32.9,66.01,16.559035378,9.2,0.5818,6.06060606060606,8.61511953478355,142.149472323929,2167,71,3.27641901245962,152.918371742408,4667.24100796899
"3","Broome",566,51,9.01060070671378,26.6097600425756,295.316160472506,"36007","New York",1099,34,0.172002368,0.199102178,0.267,0.259,0.214385137,326.8,0.064166547,0.867990074,0.832886784,0.661869823,0.05408742,0.244,4.849607357,8.6,0.158799094,236,0.138,0.032406716,0.075545753,49927,195334,0.195695578,0.182917464,0.051675592,0.002554599,0.045296774,0.000650168,0.040955492,0.836474961,NA,NA,25.79550276,285.8305395,0.122031046,-75.81766281,42.16336714,-75.934245,42.121306,191659,284.2,176,31.2,50.55,15.514051434,9,0.6166,3.09372156505914,17.7398400283837,573.414240917463,8891,163,1.8333145877854,85.046880136075,4638.96816742235
"4","Cattaraugus",88,3,3.40909090909091,3.90421655387819,114.523685580427,"36009","New York",187,5,0.18529141,0.233915238,0.28,0.288,0.211192422,356.2,0.075096411,0.849206349,0.840866029,0.551148226,0.059093894,0.205,4.286585986,9,0.146698113,123.6,0.133,0.025839365,0.09012193,46224,77677,0.226527801,0.178688672,0.013710622,0.034064137,0.007994645,0.00027035,0.020353515,0.907990782,NA,NA,18.36045414,180.9130442,0.135829216,-78.67715953,42.2496734,-78.607656,42.224267,76840,61.4,240.5,36.2,65.61,16.754360363,10.9,0.7283,2.67379679144385,6.50702758979698,243.362831858407,2974,52,1.74848688634835,67.6730869338886,3870.38001041124
"5","Cayuga",91,1,1.0989010989011,1.29626028906604,117.95968630501,"36011","New York",128,1,0.136513594,0.203613991,0.309,0.279,0.230619168,307,0.066913528,0.883403361,0.813143204,0.602732387,0.050349536,0.187,4.212652731,9,0.120692445,277.8,0.115,0.016861755,0.079628821,53437,77861,0.201705604,0.176969214,0.039698951,0.004803432,0.006562978,0.00060364,0.029038928,0.902595651,NA,NA,18.30005277,193.9799331,0.113580266,-76.55464868,42.91937733,-76.560044,42.93537,77145,115.7,169.9,32.6,56.42,15.717610642,10.5,0.5025,0.78125,1.29626028906604,165.921317000454,3976,66,1.65995975855131,85.5531790783589,5153.93090932659
"6","Chautauqua",84,3,3.57142857142857,2.34486747590649,65.6562893253816,"36013","New York",505,1,0.1808941,0.236875415,0.326,0.254,0.195931983,377.9,0.065925593,0.858102435,0.832430723,0.577268983,0.057725048,0.289,4.687650249,9,0.159797142,217.3,0.127,0.06750473,0.079215346,42664,129504,0.206155794,0.188550161,0.021358414,0.007165802,0.006671609,0.000517359,0.074530516,0.875779899,NA,NA,20.13580197,231.7855211,0.129563074,-79.36496073,42.23210063,-79.314671,42.246256,127939,127.2,206.8,37.7,65.93,17.108594687,10.1,0.7248,0.198019801980198,0.781622491968829,394.719358444259,4619,47,1.01753626326045,36.736257122535,3610.31429040402
"7","Chemung",137,5,3.64963503649635,5.93443634723574,162.603555914259,"36015","New York",373,0,0.160938771,0.206333395,0.333,0.284,0.184946038,438.6,0.050794489,0.854494903,0.727809685,0.609001003,0.056630746,0.227,4.808570005,8.6,0.140293868,272.9,0.132,0.057984371,0.061634433,50722,86322,0.216306388,0.178065847,0.060668196,0.003394268,0.015523273,0.000393874,0.030351475,0.864159774,NA,NA,17.61352106,201.5773994,0.124557775,-76.76316619,42.14159273,-76.813046,42.118262,84254,218.1,203.4,31.7,73.86,16.802148251,10.1,0.485,0,0,442.708951503786,4862,102,2.0979020979021,121.062501483609,5770.64590405203
"8","Chenango",133,2,1.50375939849624,4.20733759676876,279.787950185123,"36017","New York",120,4,0.162119043,0.18873451,0.312,0.291,0.194998715,254.9,0.064831397,0.862459547,0.838967136,0.552806672,0.050401466,0.218,4.456971951,8.1,0.143404908,136.3,0.118,0.016152909,0.076848719,45193,48579,0.20980259,0.197719179,0.008275181,0.003993495,0.005516787,0.000144095,0.021470183,0.948640359,NA,NA,13.61943221,124.7740578,0.121204979,-75.60951593,42.49580328,-75.570326,42.481195,47536,56.5,256.3,31.1,60.16,16.253968006,10.9,0.5646,3.33333333333333,8.41467519353753,252.440255806126,1401,32,2.28408279800143,67.3174015483002,2947.23998653652
"9","Clinton",95,4,4.21052631578947,4.95693661317306,117.72724456286,"36019","New York",66,1,0.153430392,0.206870161,0.301,0.258,0.225069805,411.6,0.068383887,0.888575458,0.850666311,0.564626197,0.053487592,0.184,4.719218337,8.3,0.144018765,316.6,0.131,0.099285943,0.080990041,53392,81073,0.179467887,0.161533433,0.039914645,0.004119744,0.015196181,0.000382371,0.028603851,0.899325299,NA,NA,13.11711948,129.4181933,0.123331509,-73.68638371,44.74823216,-73.545325,44.730039,80695,79.1,167.2,28.9,64.4,16.753447369,10.3,0.5312,1.51515151515152,1.23923415329326,81.7894541173555,1815,8,0.440771349862259,9.91387322634612,2249.20998822728
"10","Columbia",387,38,9.81912144702842,63.4221243073636,645.904265972361,"36021","New York",206,9,0.115852845,0.178132792,0.244,0.223,0.199991689,246.3,0.071895701,0.890066225,0.827959502,0.60892789,0.036745823,0.185,4.281531882,8,0.148435943,365,0.103,0.050543034,0.082784263,57579,60989,0.178179672,0.222941842,0.046073882,0.003262884,0.018659103,0.00059027,0.045713161,0.868484481,NA,NA,16.79124689,142.3289599,0.109241913,-73.63709391,42.25262343,-73.681049,42.273336,59916,99.4,181.6,28.5,60.48,14.578003596,5.8,0.3854,4.36893203883495,15.0210294412177,343.814673876761,1704,19,1.1150234741784,31.7110621536818,2843.98157420389
"11","Cortland",41,0,0,0,85.7328063902306,"36023","New York",143,1,0.160519813,0.184871621,0.282,0.287,0.211539677,397.8,0.052064537,0.909090909,0.829113924,0.616838167,0.056682448,0.211,4.29773858,8.4,0.155444722,155.4,0.127,0.03416783,0.061062509,51810,48070,0.193239026,0.158456418,0.015706262,0.003494903,0.009985438,0.000228833,0.026939879,0.928416892,NA,NA,15.79800533,115.8947071,0.121646299,-76.06449098,42.59475289,-76.145474,42.59613,47823,98.9,165.1,31.7,71.07,15.302328439,10.7,0.3452,0.699300699300699,2.09104405829831,299.019300336658,2368,51,2.15371621621622,106.643246973214,4951.59233005039
"12","Delaware",79,0,0,0,177.420441529858,"36025","New York",55,5,0.149806423,0.194692817,0.294,0.262,0.199713648,328.5,0.072721894,0.876146789,0.828892216,0.557596372,0.054983707,0.286,4.534679497,7.4,0.173722251,118.6,0.121,0.00789258,0.085447211,45381,45523,0.174790765,0.233003097,0.015947982,0.003470773,0.010895591,0.000439338,0.038156536,0.922149243,NA,NA,16.64772686,141.9507474,0.119603665,-74.9704907,42.19659292,-74.993985,42.244535,44527,33.3,184.1,28.7,54.35,15.84691835,6.6,0.6331,9.09090909090909,11.2291418689784,123.520560558762,828,11,1.32850241545894,24.7041121117524,1859.54589350282
"13","Dutchess",3909,150,3.83729854182655,51.0693930913325,1330.86838396012,"36027","New York",1213,6,0.133770766,0.154917023,0.244,0.228,0.182215338,305.8,0.062177984,0.874968039,0.845002706,0.683166571,0.041665499,0.114,4.536211745,8.6,0.207156221,380.1,0.094,0.056022083,0.074237444,73680,294473,0.193929494,0.164391982,0.101805599,0.004744068,0.03925657,0.000753889,0.119878563,0.718632948,NA,NA,20.07203379,213.4885868,0.112839208,-73.7519071,41.76732521,-73.839417,41.681015,293718,373.9,178.6,26.3,46.9,15.040865509,7.7,0.4207,0.494641384995878,2.0427757236533,412.981158798576,10725,133,1.24009324009324,45.2815285409815,3651.46160603027
"14","Erie",6070,521,8.5831960461285,56.647736971836,659.984190823502,"36029","New York",5377,97,0.159020923,0.177520262,0.292,0.25,0.215957096,548.6,0.054297432,0.847758887,0.819940172,0.720104934,0.048822103,0.198,5.091630557,10.6,0.151197664,275.6,0.135,0.05574711,0.065452593,54175,921046,0.205000619,0.170838373,0.130706827,0.007265652,0.036097003,0.000482061,0.053209069,0.757869857,NA,NA,26.27908095,447.7153604,0.120130326,-78.73493278,42.76450405,-78.792596,42.889478,919719,881.4,180.9,36.6,48.21,17.253724261,9.6,0.414,1.80397991445044,10.546699589766,584.635089630637,38653,712,1.84203037280418,77.4149495661175,4202.69669322913
"15","Essex",45,0,0,0,120.643431635389,"36031","New York",132,14,0.134095016,0.16714105,0.267,0.278,0.221482458,108.6,0.068172239,0.88117284,0.864116719,0.560528082,0.053432905,0.183,3.965687079,7.1,0.153500321,199.9,0.11,0.020934384,0.07902598,50506,38102,0.164820744,0.221300719,0.026009133,0.006220146,0.007296205,0.00039368,0.033804,0.917904572,NA,NA,16.48461292,141.8961081,0.109046885,-73.78035307,44.11612863,-73.689906,44.174474,37300,21.9,154.7,30.1,57.62,13.756577864,8.5,0.3869,10.6060606060606,37.5335120643432,353.887399463807,760,2,0.263157894736842,5.36193029490617,2037.53351206434
"16","Franklin",22,0,0,0,43.7436621398604,"36033","New York",43,1,0.150997713,0.229049751,0.267,0.306,0.202810631,230.2,0.077834225,0.814469078,0.832839314,0.512939274,0.056433295,0.262,5.129939126,8.4,0.136434919,598.6,0.139,0.090543658,0.092634334,49062,50409,0.195599992,0.158027336,0.055049694,0.075780119,0.00523716,0.000257891,0.033684461,0.819516356,NA,NA,11.81637356,120.852913,0.124980939,-74.30672735,44.59142651,-74.344365,44.712835,50293,31.7,180.2,30.4,65.29,18.698972223,11.2,0.7073,2.32558139534884,1.98834827908456,85.4989760006363,974,8,0.82135523613963,15.9067862326765,1936.65122382837
"17","Fulton",208,13,6.25,24.2578044820959,388.124871713534,"36035","New York",129,15,0.165762675,0.210383685,0.251,0.293,0.204233369,369.7,0.067119346,0.819078947,0.743384309,0.552775179,0.056865941,0.226,4.412262463,7.7,0.155748663,133.9,0.131,0.034951872,0.079674547,45982,53828,0.201456491,0.18850784,0.018466226,0.003158208,0.006780858,0.000334399,0.029352753,0.929590548,NA,NA,10.49868766,112.9031279,0.12511524,-74.4252687,43.11157583,-74.330346,43.059172,53591,112.1,209.9,26.9,78.28,18.383444989,10.4,0.501,11.6279069767442,27.9897744024183,240.712059860798,1593,19,1.19271814187068,35.4537142430632,2972.51404153683
"18","Genesee",202,5,2.47524752475248,8.69398897602198,351.237154631288,"36037","New York",128,1,0.167079933,0.2038223,0.268,0.245,0.184056681,287.3,0.058178128,0.824289406,0.888707281,0.648265683,0.045697846,0.162,4.087260476,9.7,0.121427081,157,0.112,0.012225361,0.06845482,54211,58482,0.20544783,0.180670976,0.027854725,0.011490715,0.006925208,0.000102596,0.031941452,0.905817175,NA,NA,16.98937032,182.4929201,0.121906065,-78.19807158,42.99963258,-78.173095,42.999625,57511,121.9,166.4,32.2,55.39,15.922101555,11.3,0.1879,0.78125,1.7387977952044,222.566117786163,3171,85,2.68054241564175,147.797812592374,5513.72780859314
"19","Greene",238,5,2.10084033613445,10.5283106272767,501.147585858373,"36039","New York",86,9,0.164083181,0.175018893,0.24,0.26,0.201214526,314.8,0.069387987,0.811881188,0.860161871,0.502727102,0.050308058,0.213,4.579755447,7.7,0.172375691,466.1,0.112,0.060254201,0.079616078,49860,47508,0.168708428,0.209164772,0.057884988,0.004104572,0.010629789,0.000420982,0.056979877,0.853898291,NA,NA,23.06079665,223.3065917,0.114646934,-74.13099837,42.27937477,-73.975873,42.299303,47491,76.1,182.4,28.7,55.5,15.446060347,7.9,0.4159,10.4651162790698,18.9509591290981,181.08694278916,1601,37,2.31105559025609,77.9094986418479,3371.16506285401
"20","Hamilton",5,0,0,0,112.7649977447,"36041","New York",10,1,0.117831794,0.142326436,0.283,0.252,0.213578393,148.5,0.074530516,0.905882353,NA,0.53880597,0.064787547,0.184,4.457169056,6.6,0.100609756,NA,0.108,0.120896939,0.081684982,52134,4542,0.141347424,0.289299868,0.00902686,0.003082343,0.005944518,0.000880669,0.015411713,0.953104359,NA,NA,NA,62.70466105,0.10737641,-74.50426776,43.66007705,-74.385121,43.612034,4434,2.8,167.2,28.6,56.93,13.93683141,7.5,0.3898,10,22.55299954894,225.5299954894,128,0,0,0,2886.78394226432
"21","Herkimer",108,1,0.925925925925926,1.61725939223392,174.664014361263,"36043","New York",229,9,0.141529368,0.201095031,0.311,0.318,0.198593259,236.9,0.064316303,0.889430894,0.809456119,0.629350894,0.054520285,0.237,4.379171574,7.9,0.13296972,115.5,0.124,0.065700996,0.076226659,49633,62613,0.210834811,0.195167138,0.01137144,0.003002571,0.005557951,0.00028748,0.021257566,0.947726511,NA,NA,10.02866086,213.1235115,0.123184808,-74.97219129,43.4141244,-74.995034,43.070536,61833,45.7,195.7,29.8,56.32,17.827296884,10.2,0.5322,3.93013100436681,14.5553345301053,370.352400821568,3083,36,1.16769380473565,58.2213381204211,4986.01070625718
"22","Jefferson",74,0,0,0,66.2162766766588,"36045","New York",98,1,0.174705054,0.191947606,0.308,0.318,0.231046882,497.9,0.065357525,0.903946389,0.851032505,0.644228194,0.062297012,0.215,4.036606985,8.3,0.151160196,270.9,0.14,0.063536784,0.080437562,46206,114006,0.241162746,0.133071944,0.060137186,0.006447029,0.016437731,0.003306844,0.071627809,0.821404137,NA,NA,16.53627717,162.659526,0.118741871,-75.91629678,44.03170465,-75.89664,44.019125,111755,91.6,188.2,34.8,62.39,16.019146826,11.8,0.6484,1.02040816326531,0.894814549684578,87.6918258690886,2770,19,0.685920577617328,17.001476444007,2478.63630262628
"23","Lewis",20,0,0,0,75.62294400121,"36049","New York",30,5,0.132194753,0.169232513,0.327,0.245,0.203900403,165.3,0.070914974,0.918994413,0.880210238,0.564371013,0.066950234,0.243,3.976968984,7.4,0.138461539,31,0.116,0.063010447,0.083250497,48314,26865,0.231341895,0.175879397,0.007705193,0.003573423,0.004243439,0.001153918,0.016638749,0.958719524,NA,NA,NA,102.7698933,0.114298859,-75.45191134,43.78292917,-75.449321,43.789217,26447,21.3,188.4,32,58.66,15.685666859,9.7,0.2911,16.6666666666667,18.9057360003025,113.434416001815,1338,17,1.27055306427504,64.2795024010285,5059.17495368095
"24","Livingston",119,4,3.36134453781513,6.32641118509498,188.210732756576,"36051","New York",89,2,0.143913732,0.170598023,0.303,0.239,0.204028872,175,0.057172152,0.876790831,0.886043166,0.587806832,0.049042219,0.164,4.469938928,9.3,0.148927393,247.9,0.116,0.052429372,0.067933094,54256,64257,0.180042641,0.167639323,0.026051636,0.003657189,0.013508256,0.000466875,0.035280203,0.908259022,NA,NA,8.266170696,90.87408548,0.120281276,-77.78247429,42.72247211,-77.7642,42.766358,63227,103.5,144.5,32,60.26,15.326099779,10.4,0.3424,2.24719101123596,3.16320559254749,140.762648868363,2353,30,1.27496812579686,47.4480838882123,3721.51137963212
"25","Madison",316,4,1.26582278481013,5.65011653365351,446.359206158627,"36053","New York",181,5,0.128021329,0.181590225,0.281,0.296,0.20848863,228,0.055492093,0.882195449,0.832408467,0.64041555,0.052425999,0.159,4.181064188,8.5,0.110017042,77.4,0.111,0.013112847,0.066009758,57703,71329,0.195320277,0.168725203,0.016655217,0.007304182,0.008327609,0.00032245,0.02149196,0.933897854,NA,NA,15.77382195,95.81178714,0.117022848,-75.67317735,42.91485583,-75.717386,42.984471,70795,112.2,157.8,32.6,66.92,15.15958424,8.3,0.1666,2.76243093922652,7.06264566706688,255.667773147821,2487,66,2.65379975874548,93.2269228052829,3512.95995479907
"26","Monroe",2943,218,7.40740740740741,29.3612974999798,396.377516249727,"36055","New York",3121,40,0.146424503,0.163862765,0.283,0.22,0.192408801,631.5,0.055449672,0.828942981,0.825,0.727006776,0.046740251,0.21,4.869463976,9.7,0.170851245,357.3,0.132,0.057833766,0.066655807,54684,747727,0.211309743,0.163843221,0.146491968,0.003935929,0.037383965,0.000694104,0.085317235,0.708377523,NA,NA,15.3525479,344.6695259,0.121549136,-77.70188831,43.14305942,-77.619988,43.161503,742474,1132.6,149.3,32.3,37.67,15.151442269,8.4,0.5204,1.28164049983979,5.38739403669354,420.351419713014,36653,477,1.3013941560036,64.2446738875705,4936.60384067321
"27","Montgomery",91,5,5.49450549450549,10.1102011930037,184.005661712668,"36057","New York",144,4,0.161775745,0.204441061,0.291,0.303,0.195398762,315.4,0.074575851,0.879069767,0.774499089,0.551954161,0.056728115,0.319,4.738865957,8,0.169676927,177.8,0.126,0.078890155,0.091981535,42193,49276,0.227818817,0.18335498,0.019096518,0.005601104,0.008300187,0.001542333,0.133310334,0.82285494,NA,NA,16.14020458,108.6978267,0.129904017,-74.45333983,42.9015779,-74.343088,42.933549,49455,124.6,219.8,28.3,55.88,16.537127488,9.4,0.8306,2.77777777777778,8.08816095440299,291.173794358508,1834,62,3.38058887677208,125.366494793246,3708.42179759377
"28","Nassau",40396,2615,6.47341320922864,192.513967385263,2973.91748623139,"36059","New York",6378,418,0.122529581,0.107440784,0.23,0.251,0.179208404,261.4,0.065321696,0.87127652,0.91197954,0.743698285,0.038941401,0.081,4.493393015,9.6,0.226822204,255.8,0.06,0.004682879,0.080490845,105486,1361500,0.217517444,0.170381197,0.114639001,0.005094381,0.097137716,0.000934998,0.167747338,0.607913331,NA,NA,14.30854566,163.4085075,0.09979873,-73.58388267,40.74586173,-73.602242,40.716587,1358343,4704.8,188.2,23.3,29.03,11.225364644,7.2,0.243,6.55377861398558,30.7727871384474,469.542670739276,63055,316,0.50114978986599,23.2636381238023,4642.05285410239
"29","New York City",208085,21050,10.1160583415431,1292.44103122673,12776.1326357631,"36061","New York",40188,2733,0.145322369,0.132686715,0.156,0.186,0.26517786,845.9,0.078594351,0.810827629,0.695638869,0.837945253,0.045322908,0.236,8.928957384,11.1,0.249439665,1906.7,0.139,0,0.090428923,77214,1643734,0.146214047,0.14921149,0.124894904,0.01167768,0.127667859,0.001840931,0.259910058,0.46942571,NA,NA,12.24484823,621.0613517,0.11037551,-73.97427095,40.77021579,-73.966303,40.777958,1628701,69468.4,143.5,18.9,23.47,12.41823421,6.5,0.551,6.8005374738728,167.802438876135,2467.48789372635,268691,2080,0.774123435470485,127.709137527391,16497.2576304675
"30","Niagara",1037,51,4.91803278688525,24.23574249286,492.793430688153,"36063","New York",742,38,0.158463241,0.21548647,0.316,0.256,0.181356338,392,0.054728298,0.859955006,0.826335524,0.667800591,0.057724553,0.184,4.639791815,10.6,0.139320113,115.1,0.128,0.042378245,0.065530548,50328,211758,0.202211959,0.180470159,0.069173302,0.011088129,0.011059795,0.000396679,0.028230338,0.858649968,NA,NA,21.78905374,379.0364519,0.120016106,-78.73466893,43.19856158,-78.852109,43.134704,210433,414.4,223.5,32.3,58.82,16.802143713,10.8,0.3318,5.12129380053908,18.0580042103662,352.606292739257,9735,144,1.47919876733436,68.4303317445458,4626.17555231356
"31","Oneida",1027,56,5.45277507302824,24.3926874207782,447.344463948915,"36065","New York",1400,67,0.156822078,0.165329203,0.321,0.265,0.203144614,345.3,0.060434258,0.861203396,0.818654993,0.601323286,0.048447989,0.259,4.663572516,8.4,0.150022022,314.4,0.131,0.041940938,0.073571251,52404,231190,0.212202085,0.181750941,0.059916086,0.003451706,0.041511311,0.000661793,0.055119166,0.823404992,NA,NA,20.09874225,255.2022546,0.118719573,-75.44634261,43.2436147,-75.359106,43.147454,229577,193.7,199.8,31.4,56.04,16.835257266,11.9,0.6946,4.78571428571429,29.1841081641454,609.817185519455,13650,208,1.52380952380952,90.6014104200334,5945.71755881469
"32","Onondaga",2170,130,5.99078341013825,28.1501659777094,469.891232089457,"36067","New York",2227,50,0.140919109,0.170211636,0.265,0.22,0.215058892,565.8,0.058138013,0.912611958,0.813952038,0.715231963,0.044972636,0.199,4.997632597,8.8,0.153168729,275.3,0.132,0.037526292,0.070570224,56853,466194,0.215706337,0.160960888,0.108579261,0.009129247,0.039341991,0.000499792,0.047851324,0.770844327,NA,NA,23.09579122,341.4522781,0.113344163,-76.19390512,43.00465974,-76.167442,43.067188,461809,600,162.1,33.3,52.16,15.75882059,9.5,0.5207,2.24517287831163,10.8269869145036,482.233997171991,22088,335,1.51666063020645,72.5408123271742,4782.92973935112
"33","Ontario",207,17,8.21256038647343,15.4736765455472,188.414767348722,"36069","New York",267,9,0.134699649,0.178326858,0.283,0.221,0.212820372,312.7,0.056583467,0.845173042,0.885679429,0.722388185,0.043112245,0.14,4.290328865,9.3,0.131674208,104.3,0.1,0.052930531,0.067490611,58320,109828,0.205393889,0.188503842,0.021879666,0.003532797,0.012565102,0.000382416,0.045197946,0.902939141,NA,NA,13.67382162,132.4829017,0.109488674,-77.29985236,42.85386442,-77.260129,42.899374,109864,167.6,151.8,32.1,56.53,14.040081022,9,0.2315,3.37078651685393,8.19194640646618,243.02774339183,4047,49,1.21077341240425,44.6005971018714,3683.64523410762
"34","Orange",10421,375,3.59850302274254,98.1801330537163,2728.36044414074,"36071","New York",1721,37,0.160923773,0.151319774,0.301,0.271,0.177360051,323.3,0.064762672,0.874147415,0.86498192,0.625171831,0.042910782,0.193,4.777899344,8.5,0.230944756,305.7,0.087,0.049523354,0.081384914,71963,379210,0.256251154,0.132649455,0.099720472,0.008259276,0.028519818,0.001009995,0.201052187,0.649698057,NA,NA,19.50649452,253.9658355,0.111936073,-74.31135056,41.40106653,-74.243059,41.422034,381951,459.3,180.8,29,52.02,15.142023205,8.6,0.5538,2.1499128413713,9.68710646130001,450.581357294522,15663,149,0.951286471301794,39.0102395333433,4100.78779738762
"35","Orleans",229,26,11.353711790393,64.0204865556978,563.872746971339,"36073","New York",100,29,0.177682421,0.215646757,0.314,0.275,0.1921407,374,0.070091732,0.84457478,0.846157495,0.522956659,0.056718093,0.222,4.224269557,9.6,0.167348223,720.2,0.124,0.055567037,0.082849017,50750,41346,0.199366323,0.169859237,0.060755575,0.008005611,0.00594979,0.000483723,0.048396459,0.862042277,NA,NA,8.806199565,145.1194658,0.130254706,-78.23425325,43.24726665,-78.223294,43.248317,40612,109.6,207.9,37.5,62,17.041979004,13.3,0.643,29,71.407465773663,246.232640598838,1515,12,0.792079207920792,29.5479168718605,3730.42450507239
"36","Oswego",109,0,0,0,92.4527981814789,"36075","New York",393,3,0.161360636,0.21720527,0.3,0.279,0.236098264,395.3,0.064809429,0.909022556,0.803028455,0.564725446,0.06406831,0.231,4.378797013,8.8,0.1598234,83.4,0.135,0.035251626,0.078381027,52621,118987,0.213493911,0.153705867,0.008639599,0.005000546,0.007185659,0.000260533,0.02501954,0.94185079,NA,NA,18.60873333,164.3279071,0.124624204,-76.14640913,43.42838716,-76.313145,43.391821,117898,128.3,176.7,33.1,71.86,18.606831579,10.7,0.6497,0.763358778625954,2.54457242701318,333.338987938727,4158,59,1.41895141895142,50.0432577312592,3526.77738384027
"37","Otsego",72,6,8.33333333333333,10.0420090712815,120.504108855378,"36077","New York",269,2,0.147650669,0.16972892,0.295,0.218,0.203582601,449.9,0.063740013,0.883146067,0.845755518,0.62966823,0.048834746,0.193,4.360179599,7.6,0.173739496,102.5,0.119,0.091166193,0.073373872,50034,60097,0.162770188,0.197164584,0.019102451,0.002396126,0.014326838,0.00068223,0.036075012,0.914920878,NA,NA,17.59585618,127.2154901,0.119463414,-75.0349875,42.63397143,-75.060062,42.563531,59749,62.2,180.3,30.4,61.86,15.505931362,8,0.4236,0.743494423791822,3.34733635709384,450.216740029122,1217,17,1.39687756778965,28.4523590352977,2036.8541732916
"38","Putnam",1252,60,4.79233226837061,60.6722485135299,1266.02758564899,"36079","New York",360,3,0.113839284,0.154028865,0.253,0.236,0.23748829,168.9,0.055090327,0.86451049,0.918412995,0.692819208,0.039850906,0.064,4.089120343,8.6,0.205912484,164.8,0.052,0.055641291,0.064533256,96267,98900,0.204802831,0.159282103,0.025460061,0.003872599,0.022881699,0.00057634,0.142649141,0.796370071,NA,NA,19.16423752,50.01463013,0.099009098,-73.75269988,41.42884809,-73.717247,41.411282,98892,432.9,165.7,25.3,35.42,12.631481982,5.1,0.0812,0.833333333333333,3.0336124256765,364.033491081179,4574,7,0.153038915609969,7.07842899324516,4625.24774501476
"39","Rensselaer",491,32,6.5173116089613,20.0699941044392,307.948972039989,"36083","New York",427,10,0.142048274,0.16714353,0.294,0.235,0.220203214,440,0.051941202,0.876760563,0.873251462,0.709061569,0.042526878,0.176,4.433840144,8.5,0.154777717,208.2,0.117,0.042813715,0.062084437,63174,160070,0.19986256,0.160592241,0.065802461,0.003248579,0.027594178,0.000449803,0.048922347,0.835465734,NA,NA,8.956280852,297.3645828,0.112665999,-73.51042164,42.71191759,-73.629889,42.699991,159442,244.4,190.4,29.6,71.77,14.564381621,7.6,0.343,2.34192037470726,6.27187315763726,267.808983831111,5531,59,1.06671487976858,37.0040516300598,3468.97304348917
"40","Rockland",13151,458,3.48262489544521,140.62236141175,4037.82680114831,"36087","New York",2267,51,0.14089078,0.11704755,0.235,0.263,0.159833285,235.3,0.07504064,0.88196886,0.860763158,0.643813671,0.041694551,0.254,5.269230769,9.4,0.26861121,258.7,0.095,0.03337587,0.097028423,84358,326780,0.277948467,0.153791542,0.115129445,0.005229818,0.065346716,0.001291389,0.17555542,0.630414958,NA,NA,10.54589872,135.3740802,0.106825214,-74.02496485,41.15290325,-74.019039,41.127623,325695,1796,150.9,25.2,33.58,12.165288495,6.9,0.6038,2.24966916629907,15.6588219039285,696.049985415803,15425,106,0.687196110210697,32.5457867022828,4736.02603662936
"41","Saratoga",480,4,0.833333333333333,1.73789879346376,208.547855215652,"36091","New York",583,11,0.111604464,0.15531913,0.271,0.239,0.221092853,232.5,0.049206222,0.888946015,0.887517172,0.77708956,0.03793781,0.077,3.933271548,8.7,0.122225313,118,0.088,0.039844302,0.059353172,75904,227053,0.207321639,0.167824253,0.016101967,0.002395916,0.027531017,0.000400788,0.030979551,0.907501773,NA,NA,8.994091914,79.95465259,0.104685771,-73.86642423,43.10927763,-73.785787,43.008801,230163,271.1,151.8,28.8,51.64,14.795153675,7.6,0.0475,1.88679245283019,4.77922168202535,253.298749147343,7580,61,0.804749340369393,26.5029566003224,3293.31821361383
"42","Schenectady",689,30,4.35413642960813,19.311232700354,443.514644351464,"36093","New York",717,15,0.143245532,0.164991338,0.27,0.22,0.216116559,506.6,0.056893913,0.870119522,0.792957814,0.657272609,0.043106064,0.182,4.656974045,8.5,0.163626934,238.6,0.118,0.057252231,0.068043292,57923,154553,0.21762114,0.163413198,0.102476173,0.006916721,0.048300583,0.00214166,0.069005454,0.743466643,NA,NA,12.90622338,429.1771962,0.11866311,-74.06519346,42.82422863,-73.946182,42.809284,155350,756.6,189.7,27.8,55.44,14.143836257,8.7,0.3943,2.09205020920502,9.65561635017702,461.538461538462,6766,70,1.03458468814662,45.0595429674928,4355.32668168651
"43","Schoharie",50,0,0,0,160.787214200727,"36095","New York",35,2,0.142822318,0.17762261,0.277,0.252,0.194381679,386.5,0.061938062,0.876889849,0.813411458,0.588023952,0.053914579,0.179,4.338011912,7.3,0.158948195,120.4,0.109,0.06935797,0.07297593,50244,31317,0.183893732,0.194942044,0.014145672,0.002937702,0.008046748,0.000319315,0.032027333,0.931251397,NA,NA,NA,68.47254355,0.11706689,-74.44267109,42.58669407,-74.436027,42.642508,31097,52.7,183.8,28.4,62.74,14.987575215,9.4,0.4013,5.71428571428571,6.43148856802907,112.551049940509,766,3,0.391644908616188,9.64723285204361,2463.26012155513
"44","Schuyler",11,0,0,0,61.4113443501563,"36097","New York",32,0,0.168833511,0.174594865,0.272,0.248,0.196046176,205.6,0.065064235,0.882075472,0.807044199,0.521332997,0.05958268,0.221,4.508487307,8.5,0.12435567,NA,0.119,0.030344098,0.076371231,48109,18099,0.190784021,0.206585999,0.008840267,0.0033151,0.006574949,0.000276258,0.017735787,0.951378529,NA,NA,NA,86.34180562,0.12418035,-76.87725366,42.39503678,-76.869122,42.387815,17912,55.9,173.1,32.1,64.04,16.216943722,8.6,0.3691,0,0,178.651183564091,637,10,1.56985871271586,55.8284948637785,3556.27512282269
"45","Seneca",58,0,0,0,169.096209912536,"36099","New York",48,1,0.151866217,0.175538571,0.289,0.261,0.191577548,286.7,0.069395356,0.873720137,0.833701658,0.544071898,0.047367404,0.211,4.475850816,9,0.141638858,331.3,0.115,0.059773752,0.082148175,48998,34777,0.202547661,0.180895419,0.049716767,0.004485723,0.007619979,8.62639e-05,0.03522443,0.889093366,NA,NA,12.4409057,208.8649161,0.117198036,-76.83318513,42.77398389,-76.828521,42.827354,34300,108.9,154.3,31.6,64.02,15.834344879,11,0.449,2.08333333333333,2.91545189504373,139.941690962099,1036,44,4.24710424710425,128.279883381924,3020.40816326531
"46","St. Lawrence",204,2,0.980392156862745,1.85104630392329,188.806723000176,"36089","New York",122,2,0.171284107,0.184719394,0.304,0.256,0.206426334,299.8,0.067688301,0.88951522,0.820901639,0.600615166,0.065735396,0.228,4.64032,8.7,0.161976912,273.3,0.139,0.067875167,0.081932323,50897,110038,0.202630001,0.162816482,0.022710336,0.009996547,0.011868627,0.000708846,0.023364656,0.919700467,NA,NA,12.63366873,114.4192989,0.126069393,-75.07055083,44.49745954,-75.149708,44.651458,108047,41.8,189.5,32,82.2,17.38965495,9.4,0.7475,1.63934426229508,1.85104630392329,112.913824539321,2990,51,1.7056856187291,47.201680750044,2767.31422436532
"47","Steuben",241,18,7.46887966804979,18.7899285982713,251.576266232411,"36101","New York",212,25,0.162386761,0.19451513,0.325,0.237,0.192147483,347.6,0.05908782,0.880478088,0.841952862,0.613537995,0.057953915,0.214,4.432416953,8.4,0.132614751,109.1,0.131,0.029632966,0.070156132,50190,96940,0.218887972,0.185795337,0.014503817,0.002939963,0.015793274,0.000288839,0.016618527,0.937187951,NA,NA,12.97083269,147.5531057,0.120175047,-77.38909938,42.26930102,-77.320329,42.266288,95796,71.2,193.4,31.8,67.24,15.397564192,11,0.4691,11.7924528301887,26.0971230531546,221.303603490751,3980,87,2.18592964824121,90.8179882249781,4154.66199006222
"48","Suffolk",39643,1949,4.91637867971647,131.592006713961,2676.6043725816,"36103","New York",6812,61,0.1415252,0.150384303,0.248,0.244,0.194252306,263.7,0.069388495,0.866686217,0.891803174,0.656097309,0.043296874,0.105,4.387565153,8.6,0.229769717,232.5,0.059,0.039045451,0.084990531,92310,1492583,0.216579581,0.160456738,0.072253938,0.005988947,0.041389323,0.000887723,0.190228617,0.681992224,NA,NA,20.41298266,129.7363528,0.098760201,-72.84617815,40.86685832,-73.113775,40.821924,1481093,1637.4,181.8,25.3,38.59,12.625481467,6.8,0.2146,0.895478567234292,4.11857999463909,459.930605302976,76034,530,0.697056579951075,35.784383559979,5133.64116905556
"49","Sullivan",1387,29,2.09084354722422,38.4116135526769,1837.13475853665,"36105","New York",215,8,0.190367352,0.1819902,0.298,0.281,0.184674533,323.9,0.087818886,0.87446989,0.775402726,0.561852424,0.047515692,0.254,4.870063444,7.8,0.217579002,525.5,0.118,0.046694308,0.107275804,49016,74801,0.213767196,0.176722236,0.081135279,0.007018623,0.01610941,0.000775391,0.156642291,0.725284421,NA,NA,26.59326924,237.6625799,0.121802925,-74.77417803,41.71357134,-74.707459,41.700086,75498,80.1,190.5,29.4,65.42,16.144075284,9.8,0.7939,3.72093023255814,10.5963071869453,284.775755649156,2106,11,0.522317188983856,14.5699223820499,2789.47786696336
"50","Tioga",130,17,13.0769230769231,35.00823723229,267.710049423394,"36107","New York",119,4,0.150972218,0.16902404,0.3,0.253,0.194423237,206.5,0.054301115,0.853403141,0.829959016,0.609999078,0.051058692,0.192,4.524702017,8.7,0.10728444,74.1,0.099,0.027423352,0.065318976,55643,48760,0.21685808,0.188638228,0.008470057,0.002461034,0.007629204,0.000430681,0.018621821,0.950902379,NA,NA,20.93420582,72.47092928,0.114463779,-76.30568488,42.17365067,-76.297151,42.12098,48560,98.6,175.5,31.2,58.42,15.659405522,10.2,0.1994,3.36134453781513,8.23723228995058,245.05766062603,1868,32,1.71306209850107,65.8978583196046,3846.78747940692
"51","Tompkins",164,2,1.21951219512195,1.94565777825338,159.543937816777,"36109","New York",257,2,0.148866019,0.149877856,0.244,0.202,0.209526147,326.7,0.064040033,0.929899857,0.856888634,0.812431383,0.041284404,0.154,5.752732383,8.7,0.201747522,147.6,0.14,0.053615966,0.071860805,55778,104871,0.148830468,0.131475813,0.038943083,0.004348199,0.109296183,0.00063888,0.049565657,0.771843503,NA,NA,16.21683498,122.7570465,0.115822196,-76.47145894,42.45785979,-76.477416,42.460259,102793,214,148.2,32.5,45.49,14.149173591,5.4,0.3462,0.778210116731518,1.94565777825338,250.01702450556,2102,22,1.04662226450999,21.4022355607872,2044.88632494431
"52","Ulster",1685,47,2.7893175074184,26.3159368193551,943.454330651347,"36111","New York",589,37,0.138553925,0.158123901,0.264,0.231,0.234422182,259.4,0.075357206,0.877629884,0.826418526,0.628486967,0.044064993,0.176,4.819207165,8.3,0.205505116,381.4,0.105,0.08120579,0.090083741,61421,179225,0.18092342,0.186413726,0.05827312,0.004301855,0.02079509,0.000468685,0.10066676,0.796680151,NA,NA,21.11842434,165.6981109,0.118354969,-74.26255038,41.89000073,-74.100745,41.841064,178599,162.3,182.4,28.4,52.25,15.721730154,6.8,0.4704,6.28183361629881,20.7168013258753,329.789080565961,5055,99,1.95845697329377,55.4314413854501,2830.36299195404
"53","Warren",255,30,11.7647058823529,46.681708550533,396.79452267953,"36113","New York",136,0,0.112226582,0.18180039,0.259,0.223,0.221914653,252.4,0.058282866,0.900874636,0.83020936,0.641326212,0.052437385,0.183,4.222629059,8,0.159386282,133.5,0.113,0.038694928,0.068177184,55769,64567,0.186054796,0.209720136,0.011166695,0.002927192,0.008657673,0.000247805,0.023727291,0.941099943,NA,NA,9.782317689,123.7918876,0.108596961,-73.85878186,43.56180119,-73.714626,43.396992,64265,75.8,153.3,28.3,61.39,14.216023097,6.9,0.1742,0,0,211.623745429083,1537,6,0.390370852309694,9.33634171010659,2391.65953473897
"54","Washington",235,11,4.68085106382979,17.974737323725,384.005751915944,"36115","New York",67,3,0.142760323,0.190226053,0.308,0.258,0.196009071,232.5,0.062088816,0.889081456,0.81976662,0.536871214,0.04641691,0.17,4.014004038,8.3,0.163045727,361.2,0.115,0.042864429,0.073962964,51052,61800,0.192152104,0.183576052,0.029611651,0.002977346,0.005485437,0.000372168,0.026779935,0.925631068,NA,NA,NA,121.3508993,0.117861678,-73.44217134,43.32177845,-73.458693,43.290255,61197,76.1,164.9,30.8,65.34,15.354920424,10.3,0.4,4.47761194029851,4.90220108828864,109.48249097178,1079,7,0.648748841519926,11.4384692060068,1763.15832475448
"55","Wayne",115,1,0.869565217391304,1.11032154912063,127.686978148872,"36117","New York",207,2,0.162759173,0.214400912,0.321,0.286,0.187829063,279.2,0.063705466,0.860544218,0.884887687,0.629127942,0.049475635,0.164,3.830215024,9.3,0.120202851,153.8,0.106,0.034889269,0.075156726,58521,90798,0.217383643,0.17489372,0.028370669,0.00378863,0.007390031,0.000429525,0.043139717,0.900504416,NA,NA,8.385132795,158.7523428,0.124121488,-77.03518844,43.15938863,-77.126682,43.143734,90064,155.3,153.7,32.1,63.31,16.092411125,10,0.3414,0.966183574879227,2.22064309824125,229.836560667969,3201,47,1.46829115901281,52.1851128086694,3554.13927873512
"56","Westchester",33480,1499,4.47729988052569,154.917466918558,3460.06457133645,"36119","New York",4687,45,0.142811446,0.113797549,0.208,0.214,0.192357401,347.6,0.082246291,0.871235368,0.875279755,0.715412568,0.042496115,0.115,6.03634797,10.1,0.248239565,402.8,0.081,0.013791853,0.103098538,89380,974542,0.225017495,0.161670816,0.13701821,0.009021674,0.063922335,0.001257001,0.244207022,0.540104993,NA,NA,12.04006606,236.5437938,0.101761794,-73.76250994,41.16350714,-73.804532,41.040536,967612,2204.7,146.8,23.2,31.82,11.37154602,6.4,0.5516,0.960102410923832,4.65062442383931,484.388370545219,43682,318,0.727988645208553,32.8644125951311,4514.41280182553
"57","Wyoming",86,3,3.48837209302326,7.48409629537233,214.544093800674,"36121","New York",51,2,0.161984487,0.219263903,0.272,0.264,0.194482369,286.5,0.060293213,0.844594595,0.895940171,0.508176806,0.052958987,0.144,3.707440561,9.2,0.090503505,452.7,0.112,0.06066659,0.070412179,56089,40791,0.189355495,0.16444804,0.055257287,0.003824373,0.00517271,0.000294183,0.033291658,0.896104533,NA,NA,NA,108.3673974,0.116304533,-78.23232106,42.70127941,-78.218884,42.725754,40085,71.1,180.4,36,62.29,15.897912863,10.7,0.3121,3.92156862745098,4.98939753024822,127.22963702133,1850,36,1.94594594594595,89.809155544468,4615.19271547961
"58","Yates",39,6,15.3846153846154,24.1536170041464,156.998510526951,"36123","New York",25,0,0.128683302,0.162705833,0.263,0.296,0.19002053,253.9,0.096453534,0.784090909,0.85959596,0.4943889,0.044128901,0.235,4.524167807,8.6,0.15560166,33.2,0.11,0.005000106,0.103127273,48820,24923,0.223167356,0.192673434,0.008987682,0.002888898,0.006419773,0.000200618,0.022870441,0.950327007,NA,NA,NA,72.26192979,0.119645415,-77.11955633,42.63186093,-77.078037,42.633657,24841,75,155.6,32.3,66.05,15.130632466,11.7,0.4392,0,0,100.64007085061,694,10,1.44092219020173,40.256028340244,2793.76836681293
